-- dar drop em cod_endereco de eventos e categoria em grupo


CREATE TABLE USUARIO(
  NOME VARCHAR(20) NOT NULL,
  EMAIL VARCHAR(50) NOT NULL,
  DATANASC DATE NOT NULL,
  GENERO CHAR(1) NOT NULL,
  NUMCELULAR NUMBER(11),
  NUMAMIGOS NUMBER(5),
  COD_ENDERECO NUMBER(8),
  
  CONSTRAINT PK_EMAIL PRIMARY KEY(EMAIL),
  CONSTRAINT AK_NUMCELULAR UNIQUE(NUMCELULAR),
  CONSTRAINT CK_GENERO CHECK (GENERO IN ('M', 'F')),
  CONSTRAINT FK_ENDERECO FOREIGN KEY (COD_ENDERECO)REFERENCES ENDERECO
);

CREATE TABLE PAGINA(
  NOME VARCHAR(40) NOT NULL,
  CATEGORIA VARCHAR(15) NOT NULL,
  DATACRIACAO DATE NOT NULL,
  QNTDCURTIDAS NUMBER(30) NOT NULL,
  EMAIL VARCHAR(50) NOT NULL,
  COD_ENDERECO NUMBER(8),
  
  CONSTRAINT PK_NOME PRIMARY KEY (NOME),
  CONSTRAINT CK_CATEGORIA CHECK (CATEGORIA IN ('Negocios','Empresa','Marca','Artista','Entretenimento','Causa')),
  CONSTRAINT FK_ENDERECO_PAGINA FOREIGN KEY (COD_ENDERECO)REFERENCES ENDERECO
);

CREATE TABLE GRUPO(
  NOME VARCHAR(40) NOT NULL,
  STATUS VARCHAR(40) NOT NULL,
  DESCRICAO VARCHAR(200) NULL,
  NUMEROGRUPO NUMBER(38) NOT NULL,
  QNTDMEMBROS NUMBER(6) NOT NULL,
  
  CONSTRAINT PK_NUMEROGRUPO_GRUPO PRIMARY KEY (NUMEROGRUPO),
  CONSTRAINT CK_STATUS_GRUPO CHECK (STATUS IN ('Publico', 'Fechado', 'Secreto'))
);

CREATE TABLE EVENTO(
  NOME VARCHAR(40) NOT NULL,
  IDEVENTO NUMBER(38)NOT NULL,
  DATAEVENTO DATE NOT NULL,
  NUMCONFIRMADOS NUMBER(8),
  STATUS VARCHAR(20) NOT NULL,
  
  CONSTRAINT PK_EVENTO PRIMARY KEY(IDEVENTO),
  CONSTRAINT CK_STATUS_EVENTO CHECK (STATUS IN ('Publico', 'Privado'))
);

CREATE TABLE ENDERECO(
  COD_ENDERECO NUMBER(8) NOT NULL,
  ESTADO VARCHAR(40) NOT NULL,
  CIDADE VARCHAR(40) NOT NULL,
  PAIS VARCHAR(40) NOT NULL,
  CEP NUMBER(8) NOT NULL,
  NUMERORESIDENCIA NUMBER(6) NOT NULL,
  
  CONSTRAINT PK_ENDERECO PRIMARY KEY(COD_ENDERECO),
  CONSTRAINT CK_RESIDENCIA CHECK (NUMERORESIDENCIA > 0)
);

CREATE TABLE USUARIO_PAGINA(
  EMAIL VARCHAR(50) NOT NULL,
  NOME VARCHAR(40) NOT NULL,
  
  CONSTRAINT PK_USUARIO_PAGINA PRIMARY KEY(EMAIL),
  CONSTRAINT FK_USUARIO FOREIGN KEY (EMAIL) REFERENCES USUARIO,
  CONSTRAINT FK_PAGINA FOREIGN KEY (NOME) REFERENCES PAGINA
);

CREATE TABLE USUARIO_GRUPO(
  EMAIL VARCHAR(50) NOT NULL,
  NUMEROGRUPO NUMBER(38) NOT NULL,
  
  CONSTRAINT PK_USUARIO_GRUPO PRIMARY KEY (EMAIL),
  CONSTRAINT FK_USUARIO_USU_GRUP FOREIGN KEY (EMAIL) REFERENCES USUARIO,
  CONSTRAINT FK_GRUPO FOREIGN KEY (NUMEROGRUPO) REFERENCES GRUPO
);

CREATE TABLE USUARIO_EVENTO(
  EMAIL VARCHAR(50) NOT NULL,
  IDEVENTO NUMBER(38)NOT NULL,
  
  CONSTRAINT PK_USUARIO_EVENTO PRIMARY KEY (EMAIL),
  CONSTRAINT FK_USUARIO_USU_EVE FOREIGN KEY (EMAIL) REFERENCES USUARIO,
  CONSTRAINT FK_EVENTO FOREIGN KEY (IDEVENTO) REFERENCES EVENTO
);

CREATE TABLE EVENTO_ENDERECO(
  IDEVENTO NUMBER(38)NOT NULL,
  COD_ENDERECO NUMBER(8) NOT NULL,
  
  CONSTRAINT PK_EVENTO_ENDERECO PRIMARY KEY (IDEVENTO),
  CONSTRAINT FK_EVENTO_EVE_END FOREIGN KEY (IDEVENTO) REFERENCES EVENTO,
  CONSTRAINT FK_ENDERECO_EVE_END FOREIGN KEY (COD_ENDERECO) REFERENCES ENDERECO
);

--inserir enderecos (COD_ENDERECO,ESTADO,CIDADE,PAIS,CEP,NUMERORESIDENCIA)
INSERT INTO ENDERECO(COD_ENDERECO,ESTADO,CIDADE,PAIS,CEP,NUMERORESIDENCIA)
VALUES(1,'RS','Porto Alegre','Brasil','91450155', 165);
INSERT INTO ENDERECO(COD_ENDERECO,ESTADO,CIDADE,PAIS,CEP,NUMERORESIDENCIA)
VALUES(2,'RS','Canoas','Brasil','95762485', 562);
INSERT INTO ENDERECO(COD_ENDERECO,ESTADO,CIDADE,PAIS,CEP,NUMERORESIDENCIA)
VALUES(3,'RS','Alvorada','Brasil','68234876', 85);
INSERT INTO ENDERECO(COD_ENDERECO,ESTADO,CIDADE,PAIS,CEP,NUMERORESIDENCIA)
VALUES(4,'RS','Viamão','Brasil','75168359', 65);
INSERT INTO ENDERECO(COD_ENDERECO,ESTADO,CIDADE,PAIS,CEP,NUMERORESIDENCIA)
VALUES(5,'SP','São Paulo','Brasil','98659825', 15);
INSERT INTO ENDERECO(COD_ENDERECO,ESTADO,CIDADE,PAIS,CEP,NUMERORESIDENCIA)
VALUES(6,'RJ','Rio De Janeiro','Brasil','76598652', 69);
INSERT INTO ENDERECO(COD_ENDERECO,ESTADO,CIDADE,PAIS,CEP,NUMERORESIDENCIA)
VALUES(7,'RS','Porto Alegre','Brasil','53894586', 75);
INSERT INTO ENDERECO(COD_ENDERECO,ESTADO,CIDADE,PAIS,CEP,NUMERORESIDENCIA)
VALUES(8,'RS','Guaiba','Brasil','85498625', 45);
INSERT INTO ENDERECO(COD_ENDERECO,ESTADO,CIDADE,PAIS,CEP,NUMERORESIDENCIA)
VALUES(9,'AC','Rio Branco','Brasil','75924685', 54);
INSERT INTO ENDERECO(COD_ENDERECO,ESTADO,CIDADE,PAIS,CEP,NUMERORESIDENCIA)
VALUES(10,'MT','Cuiabá','Brasil','42689758', 78);
INSERT INTO ENDERECO(COD_ENDERECO,ESTADO,CIDADE,PAIS,CEP,NUMERORESIDENCIA)
VALUES(11,'PE','Recife','Brasil','46582579', 65);
INSERT INTO ENDERECO(COD_ENDERECO,ESTADO,CIDADE,PAIS,CEP,NUMERORESIDENCIA)
VALUES(12,'MG','Belo Horizonte','Brasil','93515785', 25);
INSERT INTO ENDERECO(COD_ENDERECO,ESTADO,CIDADE,PAIS,CEP,NUMERORESIDENCIA)
VALUES(13,'SC','Florianópolis','Brasil','86482879', 85);
INSERT INTO ENDERECO(COD_ENDERECO,ESTADO,CIDADE,PAIS,CEP,NUMERORESIDENCIA)
VALUES(14,'TO','Palmas','Brasil','91548625', 75);
INSERT INTO ENDERECO(COD_ENDERECO,ESTADO,CIDADE,PAIS,CEP,NUMERORESIDENCIA)
VALUES(15,'RR','Boa Vista','Brasil','78564985', 23);
INSERT INTO ENDERECO(COD_ENDERECO,ESTADO,CIDADE,PAIS,CEP,NUMERORESIDENCIA)
VALUES(16,'PI','Teresina','Brasil','16875498', 98);
INSERT INTO ENDERECO(COD_ENDERECO,ESTADO,CIDADE,PAIS,CEP,NUMERORESIDENCIA)
VALUES(17,'PR','Curitiba','Brasil','63982571', 21);
INSERT INTO ENDERECO(COD_ENDERECO,ESTADO,CIDADE,PAIS,CEP,NUMERORESIDENCIA)
VALUES(18,'PA','Belém','Brasil','76842398', 42);
INSERT INTO ENDERECO(COD_ENDERECO,ESTADO,CIDADE,PAIS,CEP,NUMERORESIDENCIA)
VALUES(19,'MS','Campo Grande','Brasil','68975485', 96);
INSERT INTO ENDERECO(COD_ENDERECO,ESTADO,CIDADE,PAIS,CEP,NUMERORESIDENCIA)
VALUES(20,'RN','Natal','Brasil','13467985', 12);
--inserir usuarios(NOME, EMAIL, DATANASC, GENERO, NUMCELULAR NUMAMIGOS, COD_ENDERECO)

INSERT INTO USUARIO(NOMEL, EMAIL, DATANASC, GENERO , NUMCELULAR,NUMAMIGOS , COD_ENDERECO)
VALUES ('Gian Carlo','giancluciano@gmail.com',TO_DATE('06/06/1997','dd/mm/yyyy') , 'M',5192668962,0 ,1);
INSERT INTO USUARIO(NOMEL, EMAIL, DATANASC, GENERO , NUMCELULAR,NUMAMIGOS , COD_ENDERECO)
VALUES ('Ghilherme Ghidorsi','ghih@gmail.com',TO_DATE('23/04/1997','dd/mm/yyyy') , 'M',5123849769,2 ,2);
INSERT INTO USUARIO(NOMEL, EMAIL, DATANASC, GENERO , NUMCELULAR,NUMAMIGOS , COD_ENDERECO)
VALUES ('Juliana','Juliana.01@gmail.com',TO_DATE('09/04/1990','dd/mm/yyyy') , 'F',5196824587,500 ,3);
INSERT INTO USUARIO(NOMEL, EMAIL, DATANASC, GENERO , NUMCELULAR,NUMAMIGOS , COD_ENDERECO)
VALUES ('Pedro','Pedroh@gmail.com',TO_DATE('25/09/1995','dd/mm/yyyy') , 'M',5191468358,200 ,4);
INSERT INTO USUARIO(NOMEL, EMAIL, DATANASC, GENERO , NUMCELULAR,NUMAMIGOS , COD_ENDERECO)
VALUES ('Arthur','duds@gmail.com',TO_DATE('16/06/1999','dd/mm/yyyy') , 'M',5196835247,50 ,5);
INSERT INTO USUARIO(NOMEL, EMAIL, DATANASC, GENERO , NUMCELULAR,NUMAMIGOS , COD_ENDERECO)
VALUES ('Ernesto','neto@gmail.com',TO_DATE('09/03/2000','dd/mm/yyyy') , 'M',5197643415,400 ,6);
INSERT INTO USUARIO(NOMEL, EMAIL, DATANASC, GENERO , NUMCELULAR,NUMAMIGOS , COD_ENDERECO)
VALUES ('Jessica','jessica@gmail.com',TO_DATE('23/04/1997','dd/mm/yyyy') , 'F',5193764825,1000 ,7);
INSERT INTO USUARIO(NOMEL, EMAIL, DATANASC, GENERO , NUMCELULAR,NUMAMIGOS , COD_ENDERECO)
VALUES ('Yasmin','yasmin@gmail.com',TO_DATE('24/03/1997','dd/mm/yyyy') , 'F',5197482568,455 ,8);
INSERT INTO USUARIO(NOMEL, EMAIL, DATANASC, GENERO , NUMCELULAR,NUMAMIGOS , COD_ENDERECO)
VALUES ('Marcelo','marcelo@gmail.com',TO_DATE('19/12/1997','dd/mm/yyyy') , 'M',5195135786,230 ,9);
INSERT INTO USUARIO(NOMEL, EMAIL, DATANASC, GENERO , NUMCELULAR,NUMAMIGOS , COD_ENDERECO)
VALUES ('Luiza','Luiza@gmail.com',TO_DATE('01/08/1999','dd/mm/yyyy') , 'F',5192846753,90 ,10);
INSERT INTO USUARIO(NOMEL, EMAIL, DATANASC, GENERO , NUMCELULAR,NUMAMIGOS , COD_ENDERECO)
VALUES ('Ana','ana@gmail.com',TO_DATE('31/08/1997','dd/mm/yyyy') , 'F',5193486715,900 ,11);
INSERT INTO USUARIO(NOMEL, EMAIL, DATANASC, GENERO , NUMCELULAR,NUMAMIGOS , COD_ENDERECO)
VALUES ('Thais','thais@gmail.com',TO_DATE('03/01/1992','dd/mm/yyyy') , 'F',5191834675,201 ,12);
INSERT INTO USUARIO(NOMEL, EMAIL, DATANASC, GENERO , NUMCELULAR,NUMAMIGOS , COD_ENDERECO)
VALUES ('Junior','junior@gmail.com',TO_DATE('18/04/1998','dd/mm/yyyy') , 'M',5191864825,80 ,13);
INSERT INTO USUARIO(NOMEL, EMAIL, DATANASC, GENERO , NUMCELULAR,NUMAMIGOS , COD_ENDERECO)
VALUES ('Rodrigo','rodrigo@gmail.com',TO_DATE('13/06/1997','dd/mm/yyyy') , 'M',5196748153,234 ,14);
INSERT INTO USUARIO(NOMEL, EMAIL, DATANASC, GENERO , NUMCELULAR,NUMAMIGOS , COD_ENDERECO)
VALUES ('Ricardo','ricardo@gmail.com',TO_DATE('22/02/1997','dd/mm/yyyy') , 'M',5196325814,780 ,15);
INSERT INTO USUARIO(NOMEL, EMAIL, DATANASC, GENERO , NUMCELULAR,NUMAMIGOS , COD_ENDERECO)
VALUES ('Dilma','dilma@gmail.com',TO_DATE('06/06/1980','dd/mm/yyyy') , 'F',5196665874,0 ,16);
INSERT INTO USUARIO(NOMEL, EMAIL, DATANASC, GENERO , NUMCELULAR,NUMAMIGOS , COD_ENDERECO)
VALUES ('João','joao@gmail.com',TO_DATE('11/11/1997','dd/mm/yyyy') , 'M',5192568555,300 ,17);
INSERT INTO USUARIO(NOMEL, EMAIL, DATANASC, GENERO , NUMCELULAR,NUMAMIGOS , COD_ENDERECO)
VALUES ('Caroline','carol@gmail.com',TO_DATE('04/08/1998','dd/mm/yyyy') , 'F',5194385675,50 ,18);
INSERT INTO USUARIO(NOMEL, EMAIL, DATANASC, GENERO , NUMCELULAR,NUMAMIGOS , COD_ENDERECO)
VALUES ('Matheus','matheus@gmail.com',TO_DATE('25/07/1991','dd/mm/yyyy') , 'M',5198675424,5 ,19);
INSERT INTO USUARIO(NOMEL, EMAIL, DATANASC, GENERO , NUMCELULAR,NUMAMIGOS , COD_ENDERECO)
VALUES ('Alan','alan@gmail.com',TO_DATE('09/09/1990','dd/mm/yyyy') , 'M',5193867514,10 ,20);

--inserir paginas(NOME, CATEGORIA, DATACRIACAO, QTDCURTIDAS, EMAIL, COD_ENDERECO)
--CATEGORIA = ('Negocios','Empresa','Marca','Artista','Entretenimento','Causa')
INSERT INTO PAGINA(NOME, CATEGORIA, DATACRIACAO, QNTDCURTIDAS, EMAIL, COD_ENDERECO)
VALUES ('PUCRS','Empresa',TO_DATE('25/07/2009','dd/mm/yyyy'),7000,'pucrs@gmail.com',1);
INSERT INTO PAGINA(NOME, CATEGORIA, DATACRIACAO, QNTDCURTIDAS, EMAIL, COD_ENDERECO)
VALUES ('Facebook','Entretenimento',TO_DATE('12/05/2008','dd/mm/yyyy'),	13245325,'facebook@gmail.com',2);
INSERT INTO PAGINA(NOME, CATEGORIA, DATACRIACAO, QNTDCURTIDAS, EMAIL, COD_ENDERECO)
VALUES ('RBS TV','Empresa',TO_DATE('20/09/2009','dd/mm/yyyy'),856422,'rbstv@gmail.com',3);
INSERT INTO PAGINA(NOME, CATEGORIA, DATACRIACAO, QNTDCURTIDAS, EMAIL, COD_ENDERECO)
VALUES ('Tirinhas Engraçadas','Entretenimento',TO_DATE('05/12/2012','dd/mm/yyyy'),10,'tirinhas@gmail.com',4);
INSERT INTO PAGINA(NOME, CATEGORIA, DATACRIACAO, QNTDCURTIDAS, EMAIL, COD_ENDERECO)
VALUES ('Sam Totman','Artista',TO_DATE('30/03/2010','dd/mm/yyyy'),58329,'samtotman@gmail.com',5);
INSERT INTO PAGINA(NOME, CATEGORIA, DATACRIACAO, QNTDCURTIDAS, EMAIL, COD_ENDERECO)
VALUES ('Ciencia da Natureza','Causa',TO_DATE('01/09/2011','dd/mm/yyyy'),5468318,'ciencia@gmail.com',6);
INSERT INTO PAGINA(NOME, CATEGORIA, DATACRIACAO, QNTDCURTIDAS, EMAIL, COD_ENDERECO)
VALUES ('ClimaTempo','Marca',TO_DATE('23/10/2010','dd/mm/yyyy'),462486,'climatempo@gmail.com',7);
INSERT INTO PAGINA(NOME, CATEGORIA, DATACRIACAO, QNTDCURTIDAS, EMAIL, COD_ENDERECO)
VALUES ('Jornal Uma Hora','Marca',TO_DATE('18/03/2015','dd/mm/yyyy'),45648,'umahora@gmail.com',8);
INSERT INTO PAGINA(NOME, CATEGORIA, DATACRIACAO, QNTDCURTIDAS, EMAIL, COD_ENDERECO)
VALUES ('Rede Cubo','Empresa',TO_DATE('26/02/2009','dd/mm/yyyy'),86456,'cubo@gmail.com',9);
INSERT INTO PAGINA(NOME, CATEGORIA, DATACRIACAO, QNTDCURTIDAS, EMAIL, COD_ENDERECO)
VALUES ('Doors','Negócios',TO_DATE('06/08/2010','dd/mm/yyyy'),354538,'doors@gmail.com',10);
INSERT INTO PAGINA(NOME, CATEGORIA, DATACRIACAO, QNTDCURTIDAS, EMAIL, COD_ENDERECO)
VALUES ('Adidos','Marca',TO_DATE('20/10/2011','dd/mm/yyyy'),46848,'adidos@gmail.com',11);
INSERT INTO PAGINA(NOME, CATEGORIA, DATACRIACAO, QNTDCURTIDAS, EMAIL, COD_ENDERECO)
VALUES ('BRTT','Artista',TO_DATE('12/04/2014','dd/mm/yyyy'),364864,'brtt@gmail.com',12);
INSERT INTO PAGINA(NOME, CATEGORIA, DATACRIACAO, QNTDCURTIDAS, EMAIL, COD_ENDERECO)
VALUES ('Jim Carrey','Artista',TO_DATE('01/03/2010','dd/mm/yyyy'),53154588,'carrey@gmail.com',13);
INSERT INTO PAGINA(NOME, CATEGORIA, DATACRIACAO, QNTDCURTIDAS, EMAIL, COD_ENDERECO)
VALUES ('Oriente','Marca',TO_DATE('11/04/2013','dd/mm/yyyy'),5457,'oriente@gmail.com',14);
INSERT INTO PAGINA(NOME, CATEGORIA, DATACRIACAO, QNTDCURTIDAS, EMAIL, COD_ENDERECO)
VALUES ('Passe Livre','Causa',TO_DATE('24/05/2013','dd/mm/yyyy'),57484,'passelivre@gmail.com',15);
INSERT INTO PAGINA(NOME, CATEGORIA, DATACRIACAO, QNTDCURTIDAS, EMAIL, COD_ENDERECO)
VALUES ('Bar do 32','Negócios',TO_DATE('25/07/2013','dd/mm/yyyy'),6485,'bar32@gmail.com',16);
INSERT INTO PAGINA(NOME, CATEGORIA, DATACRIACAO, QNTDCURTIDAS, EMAIL, COD_ENDERECO)
VALUES ('Maza','Negócios',TO_DATE('12/12/2009','dd/mm/yyyy'),544846,'maza@gmail.com',17);
INSERT INTO PAGINA(NOME, CATEGORIA, DATACRIACAO, QNTDCURTIDAS, EMAIL, COD_ENDERECO)
VALUES ('Old Spice','Empresa',TO_DATE('05/03/2010','dd/mm/yyyy'),2442534,'oldspice@gmail.com',18);
INSERT INTO PAGINA(NOME, CATEGORIA, DATACRIACAO, QNTDCURTIDAS, EMAIL, COD_ENDERECO)
VALUES ('SanSong','Empresa',TO_DATE('29/11/2012','dd/mm/yyyy'),534515,'sansong@gmail.com',19);
INSERT INTO PAGINA(NOME, CATEGORIA, DATACRIACAO, QNTDCURTIDAS, EMAIL, COD_ENDERECO)
VALUES ('NASA','Empresa',TO_DATE('09/02/2008','dd/mm/yyyy'),5348484,'nasa@gmail.com',20);

--inserir grupos(NOME, STATUS, DESCRICAO, NUMEROGRUPO, QNTDMEMBROS)
-- STATUS ('Publico', 'Fechado', 'Secreto')
INSERT INTO GRUPO (NOME, STATUS, DESCRICAO, NUMEROGRUPO, QNTDMEMBROS)
VALUES ('Familia','Secreto','Grupo da familia',1,10);
INSERT INTO GRUPO(NOME, STATUS, DESCRICAO, NUMEROGRUPO, QNTDMEMBROS)
VALUES ('Turma','Fechado','Grupo da turma',2,20);
INSERT INTO GRUPO(NOME, STATUS, DESCRICAO, NUMEROGRUPO, QNTDMEMBROS)
VALUES ('Amigos','Fechado','Grupo para amigos',3,50);
INSERT INTO GRUPO(NOME, STATUS, DESCRICAO, NUMEROGRUPO, QNTDMEMBROS)
VALUES ('Esporte','Publico','Grupo para reunir times para esportes',4,100);
INSERT INTO GRUPO(NOME, STATUS, DESCRICAO, NUMEROGRUPO, QNTDMEMBROS)
VALUES ('ES FACIN/PUCRS','Fechado','grupo para alunos do curso de ES',5,96);
INSERT INTO GRUPO(NOME, STATUS, DESCRICAO, NUMEROGRUPO, QNTDMEMBROS)
VALUES ('Trabalho','Secreto','Grupo para os funcionarios se comunicarem',6,40);
INSERT INTO GRUPO(NOME, STATUS, DESCRICAO, NUMEROGRUPO, QNTDMEMBROS)
VALUES ('Filmes','Publico','Grupo para qualquer um conversar sobre os filmes',7,200);
INSERT INTO GRUPO(NOME, STATUS, DESCRICAO, NUMEROGRUPO, QNTDMEMBROS)
VALUES ('Projeto x','Secreto','Grupo para realização do projeto x',8,5);
INSERT INTO GRUPO(NOME, STATUS, DESCRICAO, NUMEROGRUPO, QNTDMEMBROS)
VALUES ('Estudos','Fechado','Grupo para troca de materiais de estudos',9,100);
INSERT INTO GRUPO(NOME, STATUS, DESCRICAO, NUMEROGRUPO, QNTDMEMBROS)
VALUES ('Organização de eventos','Publico','Grupo para ajudar as pessoas a organizar eventos',10,300);
INSERT INTO GRUPO(NOME, STATUS, DESCRICAO, NUMEROGRUPO, QNTDMEMBROS)
VALUES ('Encontros','Publico','Grupo para pessoas se conhecerem',11,500);
INSERT INTO GRUPO(NOME, STATUS, DESCRICAO, NUMEROGRUPO, QNTDMEMBROS)
VALUES ('Doações','Publico','Grupo para doar produtos',12,100);
INSERT INTO GRUPO(NOME, STATUS, DESCRICAO, NUMEROGRUPO, QNTDMEMBROS)
VALUES ('Vendas','Publico','grupo para vender produtos para os clientes',13,0);
INSERT INTO GRUPO(NOME, STATUS, DESCRICAO, NUMEROGRUPO, QNTDMEMBROS)
VALUES ('Jogos Online','Publico','Grupo para conversar sobre jogos online',14,0);
INSERT INTO GRUPO(NOME, STATUS, DESCRICAO, NUMEROGRUPO, QNTDMEMBROS)
VALUES ('Times de Futebol','Publico','Grupo para torcedores se reunirem para torcer',15,1000);
INSERT INTO GRUPO(NOME, STATUS, DESCRICAO, NUMEROGRUPO, QNTDMEMBROS)
VALUES ('Musicas','Publico','Grupo para trocas de musicas',16,340);
INSERT INTO GRUPO(NOME, STATUS, DESCRICAO, NUMEROGRUPO, QNTDMEMBROS)
VALUES ('PUCRS','Fechado','Grupo para todos os alunos que estudam na puc',17,2000);
INSERT INTO GRUPO(NOME, STATUS, DESCRICAO, NUMEROGRUPO, QNTDMEMBROS)
VALUES ('Livros','Fechado','Grupo para troca de livros',18,60);
INSERT INTO GRUPO(NOME, STATUS, DESCRICAO, NUMEROGRUPO, QNTDMEMBROS)
VALUES ('Banco de dados PUCRS','Secreto','Grupo para a cadeira de banco da pucrs',19,20);
INSERT INTO GRUPO(NOME, STATUS, DESCRICAO, NUMEROGRUPO, QNTDMEMBROS)
VALUES ('Animais perdidos','Publico','Grupo para encontrar donos para animais abandonados',20,100);
--inserir evencos(NOME, IDEVENTO, DATAEVENTO, NUMCONFIRMADOS, STATUS)
--STATUS ('Publico', 'Privado')
INSERT INTO EVENTO(NOME, IDEVENTO, DATAEVENTO, NUMCONFIRMADOS, STATUS)
VALUES('Festa na casa do Rodrigo',1,TO_DATE('27/11/2015','dd/mm/yyyy'),2000,'Publico');
INSERT INTO EVENTO(NOME, IDEVENTO, DATAEVENTO, NUMCONFIRMADOS, STATUS)
VALUES('Protesto para liberar o Uber',2,TO_DATE('1/12/2015','dd/mm/yyyy'),3000,'Publico');
INSERT INTO EVENTO(NOME, IDEVENTO, DATAEVENTO, NUMCONFIRMADOS, STATUS)
VALUES('Festa De aniversario do Ghilherme',3,TO_DATE('29/11/2015','dd/mm/yyyy'),3,'Privado');
INSERT INTO EVENTO(NOME, IDEVENTO, DATAEVENTO, NUMCONFIRMADOS, STATUS)
VALUES('Formatura da turma',4,TO_DATE('28/12/2020','dd/mm/yyyy'),300,'Publico');
INSERT INTO EVENTO(NOME, IDEVENTO, DATAEVENTO, NUMCONFIRMADOS, STATUS)
VALUES('Passeada para o fim da fome',5,TO_DATE('12/04/2016','dd/mm/yyyy'),20,'Publico');
INSERT INTO EVENTO(NOME, IDEVENTO, DATAEVENTO, NUMCONFIRMADOS, STATUS)
VALUES('Encontro para programar',6,TO_DATE('13/12/2015','dd/mm/yyyy'),10,'Privado');
INSERT INTO EVENTO(NOME, IDEVENTO, DATAEVENTO, NUMCONFIRMADOS, STATUS)
VALUES('Festa de fim de ano',7,TO_DATE('28/12/2015','dd/mm/yyyy'),100,'Publico');
INSERT INTO EVENTO(NOME, IDEVENTO, DATAEVENTO, NUMCONFIRMADOS, STATUS)
VALUES('Estudo para prova',8,TO_DATE('19/11/2015','dd/mm/yyyy'),10,'Privado');
INSERT INTO EVENTO(NOME, IDEVENTO, DATAEVENTO, NUMCONFIRMADOS, STATUS)
VALUES('Toboagua Gigante',9,TO_DATE('30/11/2015','dd/mm/yyyy'),1000,'Publico');
INSERT INTO EVENTO(NOME, IDEVENTO, DATAEVENTO, NUMCONFIRMADOS, STATUS)
VALUES('GreNal Domingo',10,TO_DATE('22/11/2015','dd/mm/yyyy'),13000,'Publico');
INSERT INTO EVENTO(NOME, IDEVENTO, DATAEVENTO, NUMCONFIRMADOS, STATUS)
VALUES('Visita ao museu',11,TO_DATE('12/12/2015','dd/mm/yyyy'),5,'Publico');
INSERT INTO EVENTO(NOME, IDEVENTO, DATAEVENTO, NUMCONFIRMADOS, STATUS)
VALUES('Almoco comemorativo',12,TO_DATE('5/12/2015','dd/mm/yyyy'),30,'Privado');
INSERT INTO EVENTO(NOME, IDEVENTO, DATAEVENTO, NUMCONFIRMADOS, STATUS)
VALUES('Encontro para troca de materiais',13,TO_DATE('04/04/2016','dd/mm/yyyy'),100,'Publico');
INSERT INTO EVENTO(NOME, IDEVENTO, DATAEVENTO, NUMCONFIRMADOS, STATUS)
VALUES('Piquenique de amigos',14,TO_DATE('13/12/2015','dd/mm/yyyy'),40,'Privado');
INSERT INTO EVENTO(NOME, IDEVENTO, DATAEVENTO, NUMCONFIRMADOS, STATUS)
VALUES('Passeio ao museu da Puc',15,TO_DATE('17/08/2016','dd/mm/yyyy'),234,'Publico');
INSERT INTO EVENTO(NOME, IDEVENTO, DATAEVENTO, NUMCONFIRMADOS, STATUS)
VALUES('Aniversario do Max',16,TO_DATE('09/09/2015','dd/mm/yyyy'),30,'Privado');
INSERT INTO EVENTO(NOME, IDEVENTO, DATAEVENTO, NUMCONFIRMADOS, STATUS)
VALUES('Encontro na Redenção',17,TO_DATE('15/06/2016','dd/mm/yyyy'),100,'Publico');
INSERT INTO EVENTO(NOME, IDEVENTO, DATAEVENTO, NUMCONFIRMADOS, STATUS)
VALUES('Palestra de Banco',18,TO_DATE('23/03/2017','dd/mm/yyyy'),70,'Publico');
INSERT INTO EVENTO(NOME, IDEVENTO, DATAEVENTO, NUMCONFIRMADOS, STATUS)
VALUES('Inauguração de um restaurante',19,TO_DATE('23/05/2016','dd/mm/yyyy'),23,'Publico');
INSERT INTO EVENTO(NOME, IDEVENTO, DATAEVENTO, NUMCONFIRMADOS, STATUS)
VALUES('Exposição de artes',20,TO_DATE('25/01/2016','dd/mm/yyyy'),234,'Publico');

--inserir usuario-pagica(EMAIL , NOME PAGINA)
INSERT INTO USUARIO_PAGINA (EMAIL, NOME)
VALUES ('giancluciano@gmail.com','Facebook');
INSERT INTO USUARIO_PAGINA(EMAIL, NOME)
VALUES ('ghih@gmail.com','Tirinhas Engraçadas');
INSERT INTO USUARIO_PAGINA(EMAIL, NOME)
VALUES ('Juliana.01@gmail.com','RBS TV');
INSERT INTO USUARIO_PAGINA(EMAIL, NOME)
VALUES ('Pedroh@gmail.com','Ciencia da Natureza');
INSERT INTO USUARIO_PAGINA(EMAIL, NOME)
VALUES ('duds@gmail.com','ClimaTempo');
INSERT INTO USUARIO_PAGINA(EMAIL, NOME)
VALUES ('neto@gmail.com','Jornal Uma Hora');
INSERT INTO USUARIO_PAGINA(EMAIL, NOME)
VALUES ('jessica@gmail.com','Jornal Uma Hora');
INSERT INTO USUARIO_PAGINA(EMAIL, NOME)
VALUES ('yasmin@gmail.com','Jim Carrey');
INSERT INTO USUARIO_PAGINA(EMAIL, NOME)
VALUES ('marcelo@gmail.com','Oriente');
INSERT INTO USUARIO_PAGINA(EMAIL, NOME)
VALUES ('Luiza@gmail.com','Passe Livre');
INSERT INTO USUARIO_PAGINA(EMAIL, NOME)
VALUES ('ana@gmail.com','Bar do 32');
INSERT INTO USUARIO_PAGINA(EMAIL, NOME)
VALUES ('thais@gmail.com','BRTT');
INSERT INTO USUARIO_PAGINA(EMAIL, NOME)
VALUES ('junior@gmail.com','Adidos');
INSERT INTO USUARIO_PAGINA(EMAIL, NOME)
VALUES ('rodrigo@gmail.com','Maza');
INSERT INTO USUARIO_PAGINA(EMAIL, NOME)
VALUES ('ricardo@gmail.com','Old Spice');
INSERT INTO USUARIO_PAGINA(EMAIL, NOME)
VALUES ('dilma@gmail.com','Old Spice');
INSERT INTO USUARIO_PAGINA(EMAIL, NOME)
VALUES ('joao@gmail.com','NASA');
INSERT INTO USUARIO_PAGINA(EMAIL, NOME)
VALUES ('carol@gmail.com','Rede Cubo');
INSERT INTO USUARIO_PAGINA(EMAIL, NOME)
VALUES ('matheus@gmail.com','Sam Totman');
INSERT INTO USUARIO_PAGINA(EMAIL, NOME)
VALUES ('alan@gmail.com','Sam Totman');
--usuario_grupo
INSERT INTO USUARIO_GRUPO (EMAIL, NUMEROGRUPO)
VALUES ('giancluciano@gmail.com',1);
INSERT INTO USUARIO_GRUPO(EMAIL, NUMEROGRUPO)
VALUES ('ghih@gmail.com',2);
INSERT INTO USUARIO_GRUPO(EMAIL, NUMEROGRUPO)
VALUES ('Juliana.01@gmail.com',3);
INSERT INTO USUARIO_GRUPO(EMAIL, NUMEROGRUPO)
VALUES ('Pedroh@gmail.com',4);
INSERT INTO USUARIO_GRUPO(EMAIL, NUMEROGRUPO)
VALUES ('duds@gmail.com',6);
INSERT INTO USUARIO_GRUPO(EMAIL, NUMEROGRUPO)
VALUES ('neto@gmail.com',5);
INSERT INTO USUARIO_GRUPO(EMAIL, NUMEROGRUPO)
VALUES ('jessica@gmail.com',5);
INSERT INTO USUARIO_GRUPO(EMAIL, NUMEROGRUPO)
VALUES ('yasmin@gmail.com',7);
INSERT INTO USUARIO_GRUPO(EMAIL, NUMEROGRUPO)
VALUES ('marcelo@gmail.com',8);
INSERT INTO USUARIO_GRUPO(EMAIL, NUMEROGRUPO)
VALUES ('Luiza@gmail.com',9);
INSERT INTO USUARIO_GRUPO(EMAIL, NUMEROGRUPO)
VALUES ('ana@gmail.com',10);
INSERT INTO USUARIO_GRUPO(EMAIL, NUMEROGRUPO)
VALUES ('thais@gmail.com',11);
INSERT INTO USUARIO_GRUPO(EMAIL, NUMEROGRUPO)
VALUES ('junior@gmail.com',13);
INSERT INTO USUARIO_GRUPO(EMAIL, NUMEROGRUPO)
VALUES ('rodrigo@gmail.com',12);
INSERT INTO USUARIO_GRUPO(EMAIL, NUMEROGRUPO)
VALUES ('ricardo@gmail.com',12);
INSERT INTO USUARIO_GRUPO(EMAIL, NUMEROGRUPO)
VALUES ('dilma@gmail.com',19);
INSERT INTO USUARIO_GRUPO(EMAIL, NUMEROGRUPO)
VALUES ('joao@gmail.com',18);
INSERT INTO USUARIO_GRUPO(EMAIL, NUMEROGRUPO)
VALUES ('carol@gmail.com',17);
INSERT INTO USUARIO_GRUPO(EMAIL, NUMEROGRUPO)
VALUES ('matheus@gmail.com',16);
INSERT INTO USUARIO_GRUPO(EMAIL, NUMEROGRUPO)
VALUES ('alan@gmail.com',15);
--usuario_evento
INSERT INTO USUARIO_EVENTO(EMAIL, IDEVENTO)
VALUES ('giancluciano@gmail.com',1);
INSERT INTO USUARIO_EVENTO(EMAIL, IDEVENTO)
VALUES ('ghih@gmail.com',2);
INSERT INTO USUARIO_EVENTO(EMAIL, IDEVENTO)
VALUES ('Juliana.01@gmail.com',3);
INSERT INTO USUARIO_EVENTO(EMAIL, IDEVENTO)
VALUES ('Pedroh@gmail.com',4);
INSERT INTO USUARIO_EVENTO(EMAIL, IDEVENTO)
VALUES ('duds@gmail.com',6);
INSERT INTO USUARIO_EVENTO(EMAIL, IDEVENTO)
VALUES ('neto@gmail.com',5);
INSERT INTO USUARIO_EVENTO(EMAIL, IDEVENTO)
VALUES ('jessica@gmail.com',5);
INSERT INTO USUARIO_EVENTO(EMAIL, IDEVENTO)
VALUES ('yasmin@gmail.com',7);
INSERT INTO USUARIO_EVENTO(EMAIL, IDEVENTO)
VALUES ('marcelo@gmail.com',8);
INSERT INTO USUARIO_EVENTO(EMAIL, IDEVENTO)
VALUES ('Luiza@gmail.com',9);
INSERT INTO USUARIO_EVENTO(EMAIL, IDEVENTO)
VALUES ('ana@gmail.com',10);
INSERT INTO USUARIO_EVENTO(EMAIL, IDEVENTO)
VALUES ('thais@gmail.com',11);
INSERT INTO USUARIO_EVENTO(EMAIL, IDEVENTO)
VALUES ('junior@gmail.com',13);
INSERT INTO USUARIO_EVENTO(EMAIL, IDEVENTO)
VALUES ('rodrigo@gmail.com',12);
INSERT INTO USUARIO_EVENTO(EMAIL, IDEVENTO)
VALUES ('ricardo@gmail.com',12);
INSERT INTO USUARIO_EVENTO(EMAIL, IDEVENTO)
VALUES ('dilma@gmail.com',19);
INSERT INTO USUARIO_EVENTO(EMAIL, IDEVENTO)
VALUES ('joao@gmail.com',18);
INSERT INTO USUARIO_EVENTO(EMAIL, IDEVENTO)
VALUES ('carol@gmail.com',17);
INSERT INTO USUARIO_EVENTO(EMAIL, IDEVENTO)
VALUES ('matheus@gmail.com',16);
INSERT INTO USUARIO_EVENTO(EMAIL, IDEVENTO)
VALUES ('alan@gmail.com',15);
--evento_endereco
INSERT INTO EVENTO_ENDERECO(IDEVENTO , COD_ENDERECO)
VALUES (1,1);
INSERT INTO EVENTO_ENDERECO(IDEVENTO , COD_ENDERECO)
VALUES (2,2);
INSERT INTO EVENTO_ENDERECO(IDEVENTO , COD_ENDERECO)
VALUES (3,3);
INSERT INTO EVENTO_ENDERECO(IDEVENTO , COD_ENDERECO)
VALUES (4,4);
INSERT INTO EVENTO_ENDERECO(IDEVENTO , COD_ENDERECO)
VALUES (5,5);
INSERT INTO EVENTO_ENDERECO(IDEVENTO , COD_ENDERECO)
VALUES (6,6);
INSERT INTO EVENTO_ENDERECO(IDEVENTO , COD_ENDERECO)
VALUES (7,7);
INSERT INTO EVENTO_ENDERECO(IDEVENTO , COD_ENDERECO)
VALUES (8,7);
INSERT INTO EVENTO_ENDERECO(IDEVENTO , COD_ENDERECO)
VALUES (20,8);
INSERT INTO EVENTO_ENDERECO(IDEVENTO , COD_ENDERECO)
VALUES (9,9);
INSERT INTO EVENTO_ENDERECO(IDEVENTO , COD_ENDERECO)
VALUES (10,10);
INSERT INTO EVENTO_ENDERECO(IDEVENTO , COD_ENDERECO)
VALUES (11,11);
INSERT INTO EVENTO_ENDERECO(IDEVENTO , COD_ENDERECO)
VALUES (12,12);
INSERT INTO EVENTO_ENDERECO(IDEVENTO , COD_ENDERECO)
VALUES (13,13);
INSERT INTO EVENTO_ENDERECO(IDEVENTO , COD_ENDERECO)
VALUES (14,14);
INSERT INTO EVENTO_ENDERECO(IDEVENTO , COD_ENDERECO)
VALUES (15,15);
INSERT INTO EVENTO_ENDERECO(IDEVENTO , COD_ENDERECO)
VALUES (16,16);
INSERT INTO EVENTO_ENDERECO(IDEVENTO , COD_ENDERECO)
VALUES (17,17);
INSERT INTO EVENTO_ENDERECO(IDEVENTO , COD_ENDERECO)
VALUES (18,18);
INSERT INTO EVENTO_ENDERECO(IDEVENTO , COD_ENDERECO)
VALUES (19,20);
--5 consultas basicas

--Nomes em ordem alfabética:
SELECT NOME FROM USUARIO ORDER BY NOME ASC;

--Contagem de pessoas que nasceram depois de 1990
SELECT COUNT(*) FROM USUARIO WHERE EXTRACT (YEAR FROM DATANASC) > 1990;

--Todas as cidades do RS registradas no Banco
SELECT CIDADE FROM ENDERECO WHERE ESTADO LIKE 'RS';

--Nome dos homens registrados no banco
SELECT NOME FROM USUARIO WHERE GENERO IN 'M';

--Número de cidades registradas no banco
SELECT COUNT(DISTINCT CIDADE) FROM ENDERECO;

--5 consultas com juncoes entre tabelas

--Eventos que tem como endereço Porto Alegre 
SELECT EVE.NOME FROM EVENTO EVE INNER JOIN EVENTO_ENDERECO EVEND ON EVE.IDEVENTO = EVEND.IDEVENTO INNER JOIN ENDERECO ENDE ON EVEND.COD_ENDERECO = ENDE.COD_ENDERECO WHERE CIDADE LIKE 'Porto Alegre';

--Nome das páginas que foram criadas em Setembro
SELECT PG.NOME FROM PAGINA PG INNER JOIN USUARIO_PAGINA USUP ON PG.NOME = USUP.NOME INNER JOIN USUARIO USU ON USUP.EMAIL = USU.EMAIL WHERE EXTRACT (MONTH FROM DATANASC) = 09;

--Nome dos usuários que criaram seus perfis depois de 2005
SELECT USU.NOME FROM USUARIO USU INNER JOIN USUARIO_PAGINA USUP ON USU.EMAIL = USUP.EMAIL INNER JOIN PAGINA PG ON USUP.NOME = PG.NOME WHERE EXTRACT (YEAR FROM DATACRIACAO) > 2005;

--Nome dos usuários que moram no Rio Grande do Sul
SELECT USU.NOME FROM USUARIO USU INNER JOIN ENDERECO ENDE ON USU.COD_ENDERECO = ENDE.COD_ENDERECO WHERE ESTADO LIKE 'RS';

--Contagem de páginas onde a cidade de criação é igual a São Paulo
SELECT COUNT(PG.NOME) FROM PAGINA PG INNER JOIN ENDERECO ENDE ON PG.COD_ENDERECO = ENDE.COD_ENDERECO WHERE CIDADE LIKE 'São Paulo';

--5 consultas com group by e having

--Nomes das categorias que tem mais de 2 páginas nela
SELECT CATEGORIA, COUNT(*) FROM PAGINA GROUP BY CATEGORIA HAVING COUNT(*) > 2;

--Nome dos estados que tem mais de 5 membros no banco
SELECT ENDE.ESTADO, COUNT(USU.NOME) FROM USUARIO USU INNER JOIN ENDERECO ENDE ON USU.COD_ENDERECO = ENDE.COD_ENDERECO GROUP BY ENDE.ESTADO HAVING COUNT(*) > 5;

--Nome e Média de curtidas das páginas com mais de 50.000 de média
SELECT AVG(QNTDCURTIDAS), NOME FROM PAGINA GROUP BY NOME HAVING AVG(QNTDCURTIDAS) >= 50000;

--Status dos grupos com mais de 5 letras
SELECT STATUS, COUNT(NOME) FROM GRUPO GROUP BY STATUS HAVING COUNT(NOME) > 5;

--Nome e Estados das cidades cadastradas que começam com P
SELECT CIDADE, ESTADO FROM ENDERECO GROUP BY CIDADE, ESTADO HAVING CIDADE LIKE 'P%';

--5 consultas com sub-consultas

--Nome das pessoas nascidas em Palmas
SELECT NOME FROM USUARIO WHERE COD_ENDERECO IN (SELECT COD_ENDERECO FROM ENDERECO WHERE CIDADE LIKE 'Palmas');

--Email das pessoas que moram em SP
SELECT EMAIL FROM USUARIO WHERE COD_ENDERECO IN (SELECT COD_ENDERECO FROM ENDERECO WHERE ESTADO LIKE 'SP');

--Número de celular das pessoas que moram no RS
SELECT NUMCELULAR FROM USUARIO WHERE COD_ENDERECO IN (SELECT COD_ENDERECO FROM ENDERECO WHERE ESTADO LIKE 'RS');

--Nome e número de amigos das pessoas que não moram em Porto Alegre
SELECT NOME, NUMAMIGOS FROM USUARIO WHERE COD_ENDERECO NOT IN (SELECT COD_ENDERECO FROM ENDERECO WHERE CIDADE LIKE 'Porto Alegre');

--Nome das páginas em que o endereço do estado é São Paulo
SELECT NOME FROM PAGINA WHERE COD_ENDERECO IN (SELECT COD_ENDERECO FROM ENDERECO WHERE ESTADO LIKE 'SP');
